{
    "Ar36": {
        "error": 0.0011729823515031917, 
        "filter_outliers_dict": {
            "filter_outliers": true, 
            "iterations": 1, 
            "std_devs": 2
        }, 
        "fit": "Linear", 
        "value": 0.03202606391151608
    }, 
    "Ar37": {
        "error": 0.01074391864042921, 
        "filter_outliers_dict": {
            "filter_outliers": true, 
            "iterations": 1, 
            "std_devs": 2
        }, 
        "fit": "linear", 
        "value": 0.1661785789752819
    }, 
    "Ar38": {
        "error": 0.024436291884369882, 
        "filter_outliers_dict": {
            "filter_outliers": true, 
            "iterations": 1, 
            "std_devs": 2
        }, 
        "fit": "linear", 
        "value": 32.152004270543905
    }, 
    "Ar39": {
        "error": 0.06217431914997827, 
        "filter_outliers_dict": {
            "filter_outliers": true, 
            "iterations": 1, 
            "std_devs": 2
        }, 
        "fit": "Linear", 
        "value": 9.941276272547821
    }, 
    "Ar40": {
        "error": 0.6378479283309937, 
        "filter_outliers_dict": {
            "filter_outliers": true, 
            "iterations": 1, 
            "std_devs": 2
        }, 
        "fit": "Linear", 
        "value": 38.94670487286261
    }, 
    "Ar41": {
        "error": 0.005743228980894947, 
        "filter_outliers_dict": {
            "filter_outliers": true, 
            "iterations": 1, 
            "std_devs": 2
        }, 
        "fit": "Average", 
        "value": -0.12153475786514818
    }
}