{
    "Ar36": {
        "error": 0.000377854795558192, 
        "filter_outliers_dict": {
            "filter_outliers": true, 
            "iterations": 1, 
            "std_devs": 2
        }, 
        "fit": "Linear", 
        "value": 0.025973935246831566
    }, 
    "Ar37": {
        "error": 0.00862536037192705, 
        "filter_outliers_dict": {
            "filter_outliers": true, 
            "iterations": 1, 
            "std_devs": 2
        }, 
        "fit": "linear", 
        "value": 1.0857291844842232
    }, 
    "Ar38": {
        "error": 0.005100889931039972, 
        "filter_outliers_dict": {
            "filter_outliers": true, 
            "iterations": 1, 
            "std_devs": 2
        }, 
        "fit": "linear", 
        "value": 4.354174199102082
    }, 
    "Ar39": {
        "error": 0.07079371128253922, 
        "filter_outliers_dict": {
            "filter_outliers": true, 
            "iterations": 1, 
            "std_devs": 2
        }, 
        "fit": "Linear", 
        "value": 336.8225034929404
    }, 
    "Ar40": {
        "error": 0.2811624062621394, 
        "filter_outliers_dict": {
            "filter_outliers": true, 
            "iterations": 1, 
            "std_devs": 2
        }, 
        "fit": "Linear", 
        "value": 1849.8709918347624
    }, 
    "Ar41": {
        "error": 0.005443258158013647, 
        "filter_outliers_dict": {
            "filter_outliers": true, 
            "iterations": 1, 
            "std_devs": 2
        }, 
        "fit": "Average", 
        "value": -0.1149930568972177
    }
}